"year","avgFPcover","maxFPcover","avgSAVcover","maxSAVcover","avgFPbiomass","avgSAVbiomass","numb_daysFP","prop_daysFP","firstdayFP","numb_daysSAV","prop_daysSAV","firstdaySAV"
1,16.8680294146003,96.7676759410105,99.9233420715466,100,6801.70095828334,235733.713511359,9,0.072,1,126,1.008,1
2,0.0032810374626822,0.019806390812403,99.8942840100713,100,1.31241498507288,287438.169544343,0,0,NA,126,1.008,1
3,6.35445136929488e-07,3.83595022917604e-06,99.8998977605286,100,0.000254178054771795,287220.146977912,0,0,NA,126,1.008,1
4,1.23068172144689e-10,7.42917611379915e-10,99.9087597136169,100,4.92272688578755e-08,287413.409539163,0,0,NA,126,1.008,1
5,2.38349058321933e-14,1.43882622125088e-13,99.903548944833,100,9.53396233287734e-12,287313.923816458,0,0,NA,126,1.008,1
6,4.61616294553934e-18,2.78660899034796e-17,99.9037120860161,100,1.84646517821574e-15,287310.077375933,0,0,NA,126,1.008,1
7,8.94023265281326e-22,5.3968919598485e-21,99.9020341323565,100,3.57609306112531e-19,287956.132229933,0,0,NA,126,1.008,1
8,9.36025891175184e-25,9.36025891175184e-25,89.2813154000313,89.2813154000313,3.74410356470074e-22,35720.0852536372,0,0,NA,1,0.008,NA
