"year","avgFPcover","maxFPcover","avgSAVcover","maxSAVcover","avgFPbiomass","avgSAVbiomass","numb_daysFP","prop_daysFP","firstdayFP","numb_daysSAV","prop_daysSAV","firstdaySAV"
1,98.8147366584688,100,25.7370530792088,70.2990619995561,272538.44480977,10396.1134468241,124,0.992,3,3,0.024,11
2,99.8139235993842,100,0.076188666717606,0.212980414662805,282289.330506896,30.4754666870424,126,1.008,1,0,0,NA
3,99.8416653928913,100,0.000226397245133973,0.000632235418354112,282481.117516363,0.0905588980535891,126,1.008,1,0,0,NA
4,99.8460921699471,100,8.10001415932355e-07,2.07659010323542e-06,282656.540832163,0.000324000566372942,126,1.008,1,0,0,NA
5,99.8319914068224,100,3.67022546631481e-09,8.92209980791351e-09,282618.559196222,1.46809018652592e-06,126,1.008,1,0,0,NA
6,99.8440219253037,100,1.95021349588801e-11,4.93788051467612e-11,282616.073631588,7.80085398355203e-09,126,1.008,1,0,0,NA
7,99.8319881915026,100,2.16389197380343e-13,4.2456656087722e-13,282571.685743933,8.65556789521374e-11,126,1.008,1,0,0,NA
8,86.4683324033901,86.4683324033901,3.92050485944011e-15,3.92050485944011e-15,34587.332961356,1.56820194377604e-12,1,0.008,NA,0,0,NA
