"year","avgFPcover","maxFPcover","avgSAVcover","maxSAVcover","avgFPbiomass","avgSAVbiomass","numb_daysFP","prop_daysFP","firstdayFP","numb_daysSAV","prop_daysSAV","firstdaySAV"
1,0.235794123388405,1.37768566828364,99.9723294093797,100,94.3176493553618,288391.062363657,0,0,NA,126,1.008,1
2,7.87197743266531e-05,0.000466278887511722,99.9056737638928,100,0.0314879097306612,287429.248515468,0,0,NA,126,1.008,1
3,2.66501197475663e-08,1.57856418461328e-07,99.9092958699191,100,1.06600478990265e-05,287756.45055507,0,0,NA,126,1.008,1
4,9.02172599373524e-12,5.34381015131582e-11,99.9056967050267,100,3.60869039749410e-09,287529.77264931,0,0,NA,126,1.008,1
5,3.05333938837127e-15,1.8085468333923e-14,99.9084483463686,100,1.22133575534851e-12,287473.233066019,0,0,NA,126,1.008,1
6,1.03388614104391e-18,6.12409054238025e-18,99.9019533998749,100,4.13554456417563e-16,287441.540490149,0,0,NA,126,1.008,1
7,3.50077841813416e-22,2.07363454104149e-21,99.9029278786881,100,1.40031136725366e-19,287776.026998885,0,0,NA,126,1.008,1
8,3.78565752928674e-25,3.78565752928674e-25,89.2557738605598,89.2557738605598,1.5142630117147e-22,35718.8578016162,0,0,NA,1,0.008,NA
