"year","avgFP","daysFP","propdaysFP","firstdayFP"
1,2.04749643998422,0,0,NA
2,2.61199205565455,0,0,NA
3,2.61762077754011,0,0,NA
4,2.61766185152537,0,0,NA
5,2.61766215051986,0,0,NA
6,2.61766215269632,0,0,NA
7,2.61766215271217,0,0,NA
8,2.61766215271228,0,0,NA
9,2.61766215271228,0,0,NA
10,2.61766215271228,0,0,NA
11,0.356706617632859,0,0,NA
